icenia,133,139,223
estalia,118,38,209
titan,7,0,103
sovia,96,30,30
otonabee,18,224,37
valyria,140,47,55
gensokyo,255,16,240
imc,104,104,207
dalgon,136,0,27
rhode island,225,137,62
petrichor,216,65,49
nara,177,177,191
ap,0,19,158
iria,25,143,20
hte,171,8,0
koel,77,15,15
fdr,146,243,39
judea,77,77,77
lusitania,53,160,172
southshire,11,59,11
pacem,255,121,0
mercury,71,130,173
blockchainistan,149,130,220
mta,255,0,0
doom city,66,16,71
griffin,245,100,28
utopia,244,231,70
pavia,9,198,70
liebniz,40,236,137
lambat,255,255,26
cdm,37,196,215
batavia,21,77,175
western boundary,119,7,55
ocala,27,110,144
cordoba,180,42,244
zatoka,107,82,56
far north,78,208,227
bruma,227,225,78
spqr,155,22,24
varathia,127,0,0
kallos,154,61,247
tkon,32,0,228
winterbourne,38,212,128
caliphate,95,92,61
llama land,247,186,79
commonwealth,49,129,176
potistan,230,60,38
estalia3,46,243,255
jorvik,244,70,42
ila'kyavul,112,0,132
resimere,217,215,16
cctt,197,94,94
moloka,255,76,181
letos,241,255,88
england,117,8,8
rivenfall,91,155,19
kowloon,23,42,8
symstead,102,0,255
wolken,153,153,255
the collective,218,222,97
fempire,255,165,228
hyperborea,62,195,224
achiuwa,249,128,4
yoahtl,234,205,27
duskwood,94,172,42
llort,203,125,125
khan,102,27,12
paradice,142,152,204
venne,24,214,189
saugusta,0,44,128
monaco,201,190,170
florence,186,166,67
hursey,255,199,63
icarus,100,190,34
mery,164,55,47
civmarket,167,178,151
wyr karak,118,80,35
zaros,23,217,174
baile,17,12,92
bing chilling,119,30,30
estalia2,111,43,198
mery2,154,57,52
spqr2,151,24,27
iria2,28,138,27
myra,236,208,77
reggio,255,102,56
postmorphia,19,130,252
imperium,43,199,237
harvest town,255,205,48
pridelands,208,168,10
SEC,98,98,98
:3 feline,156,148,97
christopia,162,121,121
sangria,252,38,53
coppron,174,61,0
calw,234,97,16
rozia,251,166,251
butternut,223,194,0
nassau,63,72,204
reconstruction,0,15,208
margarita,255,133,179
liz,255,164,0
ancapistan,255,211,40
anor londo,160,28,15
island fed,98,159,174
lonnik,125,151,62
enclave,59,48,46
banana,255,244,148
cascadia,82,240,208
NJ,91,72,231
za,28,32,88
UTSS,92,161,255
